ghsa,cve,severity,cvss,cvss_version,cvss_source,published,global_published,globally_indexed,repo,project_id,org,role,co_credited,summary,advisory_url,cve_url,class,ecosystem,cwe,last_checked,tldr,fixed_in,fix_pr
GHSA-9cvr-5wv9-2gxr,,high,7.6,4.0,maintainer advisory,2026-08-31,,no,FlowiseAI/Flowise,FlowiseAI/Flowise,FlowiseAI,reporter,,SSRF bypass via Cheerio/Playwright/Puppeteer document loaders — not covered by httpSecurity deny list,https://github.com/FlowiseAI/Flowise/security/advisories/GHSA-9cvr-5wv9-2gxr,,SSRF,JavaScript,CWE-918,2026-09-06,"Cheerio, Playwright, and Puppeteer document loaders fetched URLs outside Flowise’s shared HTTP-security checks. A user able to configure these loaders could bypass the denylist and request internal destinations; the earlier HTTP-node fix did not cover them.",flowise: 3.1.4; flowise-components: 3.1.4,
GHSA-jp5f-qr64-c9vw,CVE-2026-73549,medium,5.3,3.1,maintainer advisory,2026-08-26,,no,envoyproxy/envoy,envoyproxy/envoy,envoyproxy,reporter,antoniovleonti (remediation_developer);phlax (coordinator);nezdolik (coordinator),Incomplete fix for CVE-2026-26310: copyInternetAddressAndPort crashes on scoped IPv6 addresses in ORIGINAL_DST clusters,https://github.com/envoyproxy/envoy/security/advisories/GHSA-jp5f-qr64-c9vw,https://www.cve.org/CVERecord?id=CVE-2026-73549,Denial of service,C++,CWE-754,2026-09-06,"Scoped IPv6 addresses could crash copyInternetAddressAndPort in ORIGINAL_DST or transparent-proxy paths. Exploitation depends on original-destination socket handling; the advisory reports source analysis, not a live reproduced exploit, and extends an earlier IPv6 fix.","Envoy: 1.39.1, 1.38.4, 1.37.6, 1.36.10",
GHSA-2j37-g5f6-h55p,CVE-2026-9316,high,,,,2026-08-26,,no,NangoHQ/nango,NangoHQ/nango,NangoHQ,finder,geo-chen (finder);KatrielMoses (finder);sajdakabir (finder);endscene665 (finder),Nango proxy SSRF via base-url-override header (empty default denylist),https://github.com/NangoHQ/nango/security/advisories/GHSA-2j37-g5f6-h55p,https://www.cve.org/CVERecord?id=CVE-2026-9316,SSRF,JavaScript,CWE-918;CWE-1188,2026-09-06,The proxy accepted a base-url-override header while its default network denylist was empty. Callers with a valid secret key or environment:proxy scope could direct authenticated proxy requests to private-network and metadata addresses.,NangoHQ/nango: commit 83e0a0c and later,
GHSA-vv4x-5gvr-chh8,,medium,5.3,3.1,maintainer advisory,2026-08-19,,no,russellhaering/gosaml2,russellhaering/gosaml2,russellhaering,reporter,tonghuaroot (reporter),Unsigned SAML LogoutResponse acceptance (incomplete fix for GHSA-pcgw-qcv5-h8ch),https://github.com/russellhaering/gosaml2/security/advisories/GHSA-vv4x-5gvr-chh8,,Verification bypass,Go,CWE-347,2026-09-06,The earlier LogoutRequest signature fix did not cover LogoutResponse validation. Applications using the affected POST-response validator could accept an unsigned SAML logout response; independent reports were combined in the published advisory.,github.com/russellhaering/gosaml2: v0.12.0,
GHSA-29rf-f4vv-pvq6,CVE-2026-35511,critical,8.7,4.0,GitHub global database,2026-08-13,2026-08-14,yes,authorizerdev/authorizer,authorizerdev/authorizer,authorizerdev,reporter,,Critical: Zero-click account takeover via OAuth identity linking to unverified email accounts,https://github.com/authorizerdev/authorizer/security/advisories/GHSA-29rf-f4vv-pvq6,https://www.cve.org/CVERecord?id=CVE-2026-35511,Trust boundary violation,Go,CWE-287,2026-09-06,OAuth login linked accounts by email without requiring the existing account to verify that address. An attacker who registered a victim’s email retained password access when the victim later signed in through an OAuth provider.,github.com/authorizerdev/authorizer: 2.4.0-rc.16,
GHSA-m8q3-73v4-wvg7,,medium,6.4,3.1,maintainer advisory,2026-08-10,,no,systemd/systemd,systemd/systemd,systemd,reporter,,udev: local root execution via malicious iscsi devices and unsanitized kernel output,https://github.com/systemd/systemd/security/advisories/GHSA-m8q3-73v4-wvg7,,Property injection,C,CWE-74,2026-09-06,"A malicious iSCSI or USB device could inject udev properties through unsanitized SCSI identifiers. The earlier serial-number fix missed equivalent fields, allowing device data to request a systemd unit running as root.",udev: 261 260.2 259.6 258.8,
GHSA-fvwj-92vj-fg8c,,critical,9.0,3.1,maintainer advisory,2026-08-05,,no,nasa/spacewasm,nasa/spacewasm,nasa,reporter,,Result-typed `if` without `else` causes stack desynchronization and host-memory access in SpaceWasm v0.4.0,https://github.com/nasa/spacewasm/security/advisories/GHSA-fvwj-92vj-fg8c,,Validation bypass,Rust,CWE-20,2026-09-06,"A result-typed WebAssembly if without an else could pass validation despite producing no value. Repeated constructs desynchronized the operand stack, exposing host-memory values and allowing writes into another module’s linear memory.",spacewasm: 0.5.2,
GHSA-wjrh-4j52-c664,CVE-2026-65956,medium,10,4.0,CVE CNA record,2026-08-04,,no,1Panel-dev/KubePi,1Panel-dev/KubePi,1Panel-dev,reporter,,Unauthenticated SSO/OIDC configuration allows admin account takeover and SSRF,https://github.com/1Panel-dev/KubePi/security/advisories/GHSA-wjrh-4j52-c664,https://www.cve.org/CVERecord?id=CVE-2026-65956,Missing authentication,Go,CWE-306,2026-09-06,"SSO configuration and connectivity-test endpoints were exposed outside the intended management boundary. Depending on authentication settings and deployment configuration, unauthenticated or low-privilege callers could alter SSO settings, potentially take over accounts, or trigger server-side requests.",github.com/1Panel-dev/kubepi: >= 2.0.0,
GHSA-vpj5-m56f-8h3f,,medium,6.4,3.1,maintainer advisory,2026-07-30,,no,charmbracelet/soft-serve,charmbracelet/soft-serve,charmbracelet,reporter,tonghuaroot (reporter);456789TZ (reporter);thientd (reporter),SSRF in repo import / mirror sync via unvalidated remote URL,https://github.com/charmbracelet/soft-serve/security/advisories/GHSA-vpj5-m56f-8h3f,,SSRF,Go,CWE-918,2026-09-06,"Repository imports and recurring mirror syncs accepted remote URLs without the existing SSRF validation. A user with a registered SSH key could make the server request loopback, private-network, or metadata endpoints.",github.com/charmbracelet/soft-serve: 0.12.0,
GHSA-hc8v-wwc9-vgxm,CVE-2026-71556,high,7.1,3.1,maintainer advisory,2026-07-30,2026-08-07,yes,go-git/go-git,go-git/go-git,go-git,reporter,HughLewis20 (reporter),Worktree operations may follow symlinks,https://github.com/go-git/go-git/security/advisories/GHSA-hc8v-wwc9-vgxm,https://www.cve.org/CVERecord?id=CVE-2026-71556,Symlink following,Go,CWE-59,2026-09-06,"Worktree writes checked path strings but followed existing symlinks. An attacker able to plant a symlink and trigger a write could escape the worktree or modify Git metadata, including configuration beneath .git.",github.com/go-git/go-git/v5: 5.19.2; github.com/go-git/go-git/v6: 6.0.0-alpha.5,
GHSA-r5f5-cv78-6qv8,,high,8.2,3.1,maintainer advisory,2026-07-27,,no,nasa/spacewasm,nasa/spacewasm,nasa,reporter,,Successful void C host calls inject operand-stack values in SpaceWasm v0.4.0,https://github.com/nasa/spacewasm/security/advisories/GHSA-r5f5-cv78-6qv8,,Type confusion,Rust,CWE-670,2026-09-06,The C host-call trampoline pushed a result even for functions declared void. Guest modules invoking these functions could corrupt operand-stack state; repeated calls advanced the stack beyond its allocation and crashed the process.,spacewasm_c_api: 0.4.3,
GHSA-3pfv-m69p-5fv5,CVE-2026-73081,high,8.7,4.0,maintainer advisory,2026-07-17,,no,activepieces/activepieces,activepieces/activepieces,activepieces,reporter,p80n-sec (reporter);Aviral2642 (reporter),Remote Code Execution via Command Injection in Code Step Name,https://github.com/activepieces/activepieces/security/advisories/GHSA-3pfv-m69p-5fv5,https://www.cve.org/CVERecord?id=CVE-2026-73081,Command injection,JavaScript,,2026-09-06,A flow Code step’s name reached a shell-invoked bun build command without sufficient validation. An authenticated user able to create a flow could execute commands as the worker user before sandboxing began.,activepieces: 0.80.0,
GHSA-pj59-g5vv-74q4,CVE-2026-56671,high,7.5,3.1,maintainer advisory,2026-07-15,,no,Comfy-Org/ComfyUI,Comfy-Org/ComfyUI,Comfy-Org,finder,kartikganesh (finder);yd1ng (finder);sfwani (finder);icysun (finder);Tulgaaaaaaaa (finder),Path traversal in /experiment/models/preview allows arbitrary image file read,https://github.com/Comfy-Org/ComfyUI/security/advisories/GHSA-pj59-g5vv-74q4,https://www.cve.org/CVERecord?id=CVE-2026-56671,Path traversal,Python,CWE-22,2026-09-06,"The unauthenticated model-preview route accepted paths outside its model directory. Because responses were decoded and re-encoded as images, disclosure was limited to image-decodable files, with a separate oracle revealing whether other files existed.",ComfyUI: 0.28.0,
GHSA-ggg4-v8vp-jxqh,CVE-2026-77308,critical,,,,2026-07-10,,no,in-toto/witness,in-toto/witness,in-toto,reporter,jkjell (remediation_developer),CI/CD secret exfiltration via .witness.yaml auto-load in untrusted repository,https://github.com/in-toto/witness/security/advisories/GHSA-ggg4-v8vp-jxqh,https://www.cve.org/CVERecord?id=CVE-2026-77308,Secret exfiltration,Go,CWE-15,2026-09-06,"Witness automatically loaded repository-local configuration before commands. An untrusted pull request could redirect attestation uploads and disable sensitive-variable filtering, exposing environment secrets available to a CI job that ran witness on that checkout.",github.com/in-toto/witness: v0.11.0,
GHSA-88v8-jcjq-95w5,,high,,,,2026-07-10,,no,in-toto/witness,in-toto/witness,in-toto,reporter,jkjell (remediation_developer),Intermediate CA certificates never loaded - policyRoots overwritten instead of policyIntermediates appended,https://github.com/in-toto/witness/security/advisories/GHSA-88v8-jcjq-95w5,,Certificate validation,Go,CWE-296,2026-09-06,Certificate-loading code assigned intermediate certificates to the root pool instead of the intermediate pool. Verification failed for affected intermediate-CA hierarchies; deployments using certificates signed directly by a configured root were unaffected.,github.com/in-toto/witness: v0.11.0,
GHSA-6xq9-h39h-jc22,,low,,,,2026-07-10,,no,in-toto/go-witness,in-toto/go-witness,in-toto,reporter,jkjell (remediation_developer),Intermediate CA certificates never loaded due to self-append no-op in policyverify,https://github.com/in-toto/go-witness/security/advisories/GHSA-6xq9-h39h-jc22,,Certificate validation,Go,CWE-296,2026-09-06,Policy verification appended the intermediate pool to itself instead of loading certificates from the trust bundle. Attestations requiring an intermediate CA failed verification; the failure was closed and did not accept unverified attestations.,github.com/in-toto/go-witness: >= v0.10.0,
GHSA-mh8x-fppq-cp77,CVE-2026-34168,high,8.8,3.1,maintainer advisory,2026-07-02,,no,coollabsio/coolify,coollabsio/coolify,coollabsio,reporter,,Command injection via unsanitized persistent storage name in docker volume commands,https://github.com/coollabsio/coolify/security/advisories/GHSA-mh8x-fppq-cp77,https://www.cve.org/CVERecord?id=CVE-2026-34168,Command injection,PHP,CWE-78,2026-09-06,Persistent-volume names entered shell commands without escaping during resource deletion. An authenticated API token holder able to configure storage could arrange command execution as root on managed servers when the affected resource was deleted.,coollabsio/coolify: 4.0.0-beta.471,
GHSA-p3j5-5hrq-p75h,CVE-2026-58254,medium,5.3,4.0,CVE CNA record,2026-06-29,,no,nats-io/nats-server,nats-io/nats-server,nats-io,reporter,,Incomplete fix for CVE-2026-33249: Leaf node connections bypass Nats-Trace-Dest permission check,https://github.com/nats-io/nats-server/security/advisories/GHSA-p3j5-5hrq-p75h,https://www.cve.org/CVERecord?id=CVE-2026-58254,Authorization bypass,Go,CWE-863,2026-09-06,"Trace-destination permissions were not consistently checked for traffic arriving over leafnode connections. A leafnode operator could direct trace events to disallowed subjects, exposing routing and account metadata, and suppress normal message delivery.","github.com/nats-io/nats-server/v2: 2.14.3, 2.12.8",
GHSA-4g68-3pwx-5vfj,CVE-2026-58214,medium,4.3,3.1,maintainer advisory,2026-06-29,,no,nats-io/nats-server,nats-io/nats-server,nats-io,reporter,,MQTT subscribe ACL bypass via $MQTT.deliver.pubrel prefix (incomplete fix for CVE-2026-33217),https://github.com/nats-io/nats-server/security/advisories/GHSA-4g68-3pwx-5vfj,https://www.cve.org/CVERecord?id=CVE-2026-58214,Authorization bypass,Go,CWE-863,2026-09-06,An internal-subject restriction omitted the MQTT delivery PUBREL family. Authenticated MQTT clients could bypass subscribe permissions and receive account-local QoS2 protocol metadata; the published impact did not include message payload disclosure.,"github.com/nats-io/nats-server/v2: 2.14.3, 2.12.8",
GHSA-3g5q-cfh2-cq67,CVE-2026-58250,high,8.6,3.1,maintainer advisory,2026-06-29,,no,nats-io/nats-server,nats-io/nats-server,nats-io,reporter,,Pre-auth server crash via double INFO in leafnode handshake — incomplete fix for CVE-2026-29785 and CVE-2026-33218,https://github.com/nats-io/nats-server/security/advisories/GHSA-3g5q-cfh2-cq67,https://www.cve.org/CVERecord?id=CVE-2026-58250,Denial of service,Go,CWE-476,2026-09-06,Repeated pre-authentication leafnode INFO messages could leave handshake state unset and crash the server. Exploitation required access to a leafnode listener with compression enabled; disabling that compression mitigated the affected path.,"github.com/nats-io/nats-server/v2: 2.12.8, 2.11.17",
GHSA-xqxv-4jc2-x56x,CVE-2026-55672,high,7.4,3.1,maintainer advisory,2026-06-17,2026-06-18,yes,zitadel/zitadel,zitadel/zitadel,zitadel,reporter,grvijayan (remediation_developer);IAM-marco (remediation_reviewer);livio-a (other);cipher-creator (reporter);N008x (reporter),Missing client_id binding in OIDC authorization code exchange and refresh token flows (RFC 6749 Section 4.1.3 violation),https://github.com/zitadel/zitadel/security/advisories/GHSA-xqxv-4jc2-x56x,https://www.cve.org/CVERecord?id=CVE-2026-55672,Missing identity binding,Go,CWE-287;CWE-863,2026-09-06,"Authorization-code exchange and token refresh did not bind the grant to its original client. An attacker who obtained a code or refresh token through a separate flaw could redeem it under another client, including across tenants.",ZITADEL: 4.15.2; ZITADEL: 3.4.12,
GHSA-w5cv-pw74-4rxc,CVE-2026-55701,medium,6.9,4.0,GitHub global database,2026-06-15,2026-06-18,yes,open-telemetry/opentelemetry-collector-contrib,open-telemetry/opentelemetry-collector-contrib,open-telemetry,reporter,,githubreceiver silently ignores configured required_headers authentication,https://github.com/open-telemetry/opentelemetry-collector-contrib/security/advisories/GHSA-w5cv-pw74-4rxc,https://www.cve.org/CVERecord?id=CVE-2026-55701,Logic flaw,Go,CWE-863,2026-09-06,"The GitHub receiver validated RequiredHeaders configuration but never enforced it on incoming requests. With the shared secret left at its empty default, callers could submit arbitrary webhook payloads and inject false CI/CD trace data.",github.com/open-telemetry/opentelemetry-collector-contrib/receiver/githubreceiver: >= 0.151.0,
GHSA-7w2h-g83c-jqrp,CVE-2026-53445,high,7.1,4.0,CVE CNA record,2026-05-30,,no,wekan/wekan,wekan/wekan,wekan,reporter,,Authorization bypass in copyBoard DDP method allows any user to copy private boards,https://github.com/wekan/wekan/security/advisories/GHSA-7w2h-g83c-jqrp,https://www.cve.org/CVERecord?id=CVE-2026-53445,Authorization bypass,JavaScript,CWE-862,2026-09-06,"The copyBoard method did not verify board membership or administrator rights. A logged-in user could copy a private board and its cards and checklists, then make the resulting copy public through supplied properties.",wekan/wekan: 9.09,
GHSA-9h96-c44j-jpq9,,high,,,,2026-05-19,,no,strukturag/libheif,strukturag/libheif,strukturag,reporter,,Heap buffer overflow via uint32_t stride overflow in image plane allocation (+ 2 additional instances),https://github.com/strukturag/libheif/security/advisories/GHSA-9h96-c44j-jpq9,,Heap buffer overflow,C++,CWE-122;CWE-190,2026-09-06,"A 32-bit stride calculation could wrap for large image widths, allocating an undersized plane. Processing a crafted HEIF or AVIF image could then overflow the heap, crashing or potentially compromising the consuming application.",libheif: v1.22.0,
GHSA-w5pp-99ch-qj29,,medium,6.5,3.1,maintainer advisory,2026-05-18,2026-05-29,yes,go-git/go-git,go-git/go-git,go-git,reporter,hiddeco (remediation_developer);N0zoM1z0 (reporter);AyushParkara (reporter),Malformed Git object data may cause panics or resource exhaustion,https://github.com/go-git/go-git/security/advisories/GHSA-w5pp-99ch-qj29,,Denial of service,Go,CWE-400,2026-09-06,"Crafted pack, index, or loose-object data could cause panics or excessive resource use. Applications cloning, fetching, or opening untrusted repositories were exposed through a malicious remote or attacker-controlled files under .git/objects.",github.com/go-git/go-git/v5: 5.19.1; github.com/go-git/go-git/v6: 6.0.0-alpha.4,
GHSA-qp9x-wp8f-qgjj,,medium,4.0,3.1,maintainer advisory,2026-05-18,2026-05-28,yes,theupdateframework/python-tuf,theupdateframework/python-tuf,theupdateframework,reporter,,Platform-dependent delegation path matching,https://github.com/theupdateframework/python-tuf/security/advisories/GHSA-qp9x-wp8f-qgjj,,Delegation confusion,Python,CWE-178,2026-09-06,"Delegation glob matching used platform-dependent case normalization. On Windows, an attacker controlling a delegated role could exploit a case-colliding pattern visited first to serve targets intended for another delegation; POSIX matching was unaffected.",tuf: 7.0.0,
GHSA-4v4x-x5pr-8gp2,CVE-2026-41577,medium,6.9,4.0,CVE CNA record,2026-05-12,,no,goauthentik/authentik,goauthentik/authentik,goauthentik,reporter,Android-Login-Analysis (reporter);AyushParkara (reporter),"SAML source does not validate Conditions, timing, or audience on assertions",https://github.com/goauthentik/authentik/security/advisories/GHSA-4v4x-x5pr-8gp2,https://www.cve.org/CVERecord?id=CVE-2026-41577,Validation bypass,Python,CWE-345,2026-09-06,SAML assertion processing omitted time and audience conditions. An attacker holding a valid signed assertion could replay it after its signed expiry or use an assertion issued for a different service provider.,,
GHSA-765j-qfrp-hm3j,CVE-2026-41050,critical,9.9,3.1,maintainer advisory,2026-04-30,2026-05-07,yes,rancher/fleet,rancher/fleet,rancher,reporter,,Helm impersonation - bypass of `RESTClientGetter` retains `cluster-admin` during template rendering,https://github.com/rancher/fleet/security/advisories/GHSA-765j-qfrp-hm3j,https://www.cve.org/CVERecord?id=CVE-2026-41050,Impersonation bypass,Go,,2026-09-06,Helm lookup and valuesFrom reads bypassed ServiceAccount impersonation and retained fleet-agent privileges. A tenant able to push to a monitored Git repository could read other namespaces’ secrets on targeted downstream clusters; single-tenant deployments were unaffected.,github.com/rancher/fleet: 0.15.1; github.com/rancher/fleet: 0.14.5; github.com/rancher/fleet: 0.13.10; github.com/rancher/fleet: 0.12.14; github.com/rancher/fleet: 0.11.13,
GHSA-w6p7-2fxx-4f44,CVE-2026-43983,high,8.5,4.0,GitHub global database,2026-04-26,2026-07-28,yes,pocket-id/pocket-id,pocket-id/pocket-id,pocket-id,reporter,,"OIDC refresh token flow bypasses authorization revocation, account disabling, and group restrictions",https://github.com/pocket-id/pocket-id/security/advisories/GHSA-w6p7-2fxx-4f44,https://www.cve.org/CVERecord?id=CVE-2026-43983,Authorization bypass,Go,CWE-285;CWE-613,2026-09-06,"Refreshing an OIDC token did not recheck account disabling, authorization revocation, or group restrictions. Holders of an existing refresh token and the required client credentials could continue obtaining tokens after administrators removed access.",github.com/pocket-id/pocket-id/backend: 2.6.0,
GHSA-hp74-gm6m-2qm5,,medium,6.0,4.0,GitHub global database,2026-04-26,2026-07-28,yes,pocket-id/pocket-id,pocket-id/pocket-id,pocket-id,reporter,,Reauthentication bypass via one-time access token login — passkey step-up requirement defeated by JWT freshness check that accepts any login method,https://github.com/pocket-id/pocket-id/security/advisories/GHSA-hp74-gm6m-2qm5,,Authentication bypass,Go,CWE-287,2026-09-06,"The reauthentication fallback checked access-token freshness and a session cookie, but not how login occurred. A stolen one-time access token could therefore satisfy step-up requirements and obtain tokens for protected OIDC clients.",github.com/pocket-id/pocket-id/backend: 2.6.0,
GHSA-x494-mj8g-cj27,CVE-2026-82254,high,8.7,4.0,GitHub global database,2026-04-25,2026-05-05,yes,GitoxideLabs/gitoxide,GitoxideLabs/gitoxide,GitoxideLabs,reporter,,Multiple DoS vectors in gix-pack: unchecked indexing panics and uncapped OOM allocations from crafted pack data,https://github.com/GitoxideLabs/gitoxide/security/advisories/GHSA-x494-mj8g-cj27,https://www.cve.org/CVERecord?id=CVE-2026-82254,Denial of service,Rust,CWE-248;CWE-770,2026-09-06,Unchecked delta indexing and uncapped allocations allowed crafted Git pack data to crash consuming processes. A malicious remote could trigger a truncated-delta panic or excessive allocation during clone and fetch operations.,gix-pack: >= 0.69.0,
GHSA-p3hw-mv63-rf9w,CVE-2026-82253,high,7.5,4.0,GitHub global database,2026-04-25,2026-05-05,yes,GitoxideLabs/gitoxide,GitoxideLabs/gitoxide,GitoxideLabs,reporter,,Submodule name validation bypass + trust inheritance flaw enables path traversal and credential disclosure,https://github.com/GitoxideLabs/gitoxide/security/advisories/GHSA-p3hw-mv63-rf9w,https://www.cve.org/CVERecord?id=CVE-2026-82253,Path traversal,Rust,CWE-22;CWE-200,2026-09-06,"Incomplete submodule-name validation allowed paths to escape .git/modules, while inherited trust skipped ownership checks. Processing attacker-controlled submodule metadata could access unintended Git configuration and disclose credentials; package fix versions differ between published sources.",gix: >= 0.82.0; gix-validate: >= 0.11.1,
GHSA-mm2q-qcmx-gw4w,,high,7.4,4.0,GitHub global database,2026-04-25,2026-05-05,yes,rustfs/rustfs,rustfs/rustfs,rustfs,reporter,,"ListServiceAccount authorizes against wrong admin action, enabling cross-user enumeration and root service account takeover",https://github.com/rustfs/rustfs/security/advisories/GHSA-mm2q-qcmx-gw4w,,Missing authorization,Rust,CWE-863,2026-09-06,"Service-account listing checked the wrong administrative action, and updates omitted an ownership check. A user granted admin:UpdateServiceAccount could enumerate other users’ service-account keys, including root-owned keys, and rotate their secrets.",rustfs: 1.0.0-alpha.98,
GHSA-6x2q-h3cr-8j2h,CVE-2026-41263,medium,6.3,4.0,maintainer advisory,2026-04-24,2026-04-24,yes,traefik/traefik,traefik/traefik,traefik,reporter,,BasicAuth middleware: timing side-channel vulnerability,https://github.com/traefik/traefik/security/advisories/GHSA-6x2q-h3cr-8j2h,https://www.cve.org/CVERecord?id=CVE-2026-41263,Timing side-channel,Go,CWE-208,2026-09-06,"The earlier BasicAuth timing fix resolved its fallback secret to an empty string, avoiding the intended bcrypt work. Repeated authentication timing measurements could distinguish registered usernames from nonexistent ones on a reachable protected route.","Traefik: v2.11.43, v3.6.14, v3.7.0-rc.2",
GHSA-q49m-57vm-c8cc,CVE-2026-41326,critical,8.2,4.0,GitHub global database,2026-04-22,2026-05-04,yes,kata-containers/kata-containers,kata-containers/kata-containers,kata-containers,finder,fitzthum (reporter);calonso-nv (finder);fikriwahab (finder);burgerdev (remediation_developer);danmihai1 (remediation_reviewer);jojimt (remediation_reviewer);fidencio (remediation_reviewer),CopyFile Policy Subversion via Symlinks,https://github.com/kata-containers/kata-containers/security/advisories/GHSA-q49m-57vm-c8cc,https://www.cve.org/CVERecord?id=CVE-2026-41326,Policy subversion,Rust,,2026-09-06,"CopyFile policy checked the destination path but not the symlink target supplied in request data. An untrusted host could redirect writes outside the shared directory and overwrite files inside the guest, including in confidential-container deployments.",Kata Containers: v3.29.0; Confidential Containers: v0.20.0,
GHSA-pfcq-4gjr-6gjm,CVE-2026-40937,medium,0.0,4.0,GitHub global database,2026-04-22,2026-04-22,yes,rustfs/rustfs,rustfs/rustfs,rustfs,reporter,,Missing admin authorization on notification target endpoints allows unauthenticated configuration of event webhooks,https://github.com/rustfs/rustfs/security/advisories/GHSA-pfcq-4gjr-6gjm,https://www.cve.org/CVERecord?id=CVE-2026-40937,Missing authorization,Rust,CWE-862,2026-09-06,"Notification-target handlers authenticated callers but omitted administrator authorization. A read-only user could overwrite known targets, redirect bucket events to a controlled webhook, and make the server probe internal endpoints through target health checks.",rustfs: 1.0.0-alpha.94,
GHSA-gj49-89wh-h4gj,CVE-2026-41520,high,7.9,3.1,maintainer advisory,2026-04-22,2026-04-25,yes,cilium/cilium,cilium/cilium,cilium,reporter,tklauser (remediation_developer),Sensitive information included in cilium-bugtool debug archive,https://github.com/cilium/cilium/security/advisories/GHSA-gj49-89wh-h4gj,https://www.cve.org/CVERecord?id=CVE-2026-41520,Information disclosure,Go,CWE-200;CWE-312,2026-09-06,Debug archives from WireGuard-enabled Cilium nodes included the node’s WireGuard private key. Anyone receiving an affected bugtool archive or sysdump obtained that key; remediation required rotating keys already shared in diagnostic bundles.,cilium-bugtool: 1.17.15; cilium-bugtool: 1.18.9; cilium-bugtool: 1.19.3,
GHSA-wjxp-xrpv-xpff,CVE-2026-40161,high,7.7,3.1,maintainer advisory,2026-04-21,2026-04-21,yes,tektoncd/pipeline,tektoncd/pipeline,tektoncd,reporter,vdemeester (remediation_developer),Git resolver API mode leaks system-configured API token to user-controlled serverURL,https://github.com/tektoncd/pipeline/security/advisories/GHSA-wjxp-xrpv-xpff,https://www.cve.org/CVERecord?id=CVE-2026-40161,Information disclosure,Go,CWE-201,2026-09-06,Git resolver API mode combined a user-supplied server URL with the system-configured Git token when no token parameter was supplied. A tenant able to create TaskRuns could redirect that authenticated request to a controlled server.,"github.com/tektoncd/pipeline: 1.0.2, 1.3.4, 1.6.2, 1.9.3, 1.11.1",
GHSA-rx35-6rhx-7858,CVE-2026-40923,medium,5.4,3.1,maintainer advisory,2026-04-21,2026-04-21,yes,tektoncd/pipeline,tektoncd/pipeline,tektoncd,reporter,vdemeester (remediation_developer);aThorp96 (remediation_reviewer),VolumeMount path restriction bypass via missing filepath.Clean in /tekton/ check,https://github.com/tektoncd/pipeline/security/advisories/GHSA-rx35-6rhx-7858,https://www.cve.org/CVERecord?id=CVE-2026-40923,Validation bypass,Go,CWE-22,2026-09-06,"Volume-mount restrictions compared raw paths without normalization. A Task or TaskRun author could use parent-directory components to mount over protected Tekton locations, allowing replacement of internal results or step scripts.","github.com/tektoncd/pipeline: 1.0.2, 1.3.4, 1.6.2, 1.9.3, 1.11.1",
GHSA-94jr-7pqp-xhcq,CVE-2026-40938,high,7.5,3.1,maintainer advisory,2026-04-21,2026-04-21,yes,tektoncd/pipeline,tektoncd/pipeline,tektoncd,finder,offset (reporter);vdemeester (remediation_developer),Git Resolver Unsanitized Revision Parameter Enables git Argument Injection Leading to RCE,https://github.com/tektoncd/pipeline/security/advisories/GHSA-94jr-7pqp-xhcq,https://www.cve.org/CVERecord?id=CVE-2026-40938,Logic flaw,Go,CWE-88,2026-09-06,The Git resolver passed revision values to git fetch as arguments without separating options. A tenant able to submit ResolutionRequests and predict a pod-local repository path could execute commands and access the resolver’s cluster-wide Secret permissions.,"github.com/tektoncd/pipeline: 1.0.2, 1.3.4, 1.6.2, 1.9.3, 1.11.1",
GHSA-x4mj-7f9g-29h4,CVE-2026-41246,high,8.1,3.1,maintainer advisory,2026-04-20,2026-04-24,yes,projectcontour/contour,projectcontour/contour,projectcontour,reporter,b0b0haha (reporter),Lua code injection via Cookie Path Rewrite Policy,https://github.com/projectcontour/contour/security/advisories/GHSA-x4mj-7f9g-29h4,https://www.cve.org/CVERecord?id=CVE-2026-41246,Code injection,Go,CWE-94,2026-09-06,"Cookie rewrite values entered generated Envoy Lua code without escaping. A user permitted to create or modify HTTPProxy resources could execute Lua in shared Envoy, read its xDS credentials, and potentially access other tenants’ TLS keys.",": v1.33.4, v1.32.5, v1.31.6",
GHSA-h7mw-gpvr-xq4m,CVE-2026-41240,medium,6.0,4.0,GitHub global database,2026-04-20,2026-04-22,yes,cure53/DOMPurify,cure53/DOMPurify,cure53,reporter,,FORBID_TAGS bypassed by function-based ADD_TAGS predicate (asymmetry with FORBID_ATTR fix),https://github.com/cure53/DOMPurify/security/advisories/GHSA-h7mw-gpvr-xq4m,https://www.cve.org/CVERecord?id=CVE-2026-41240,Validation bypass,JavaScript,CWE-183,2026-09-06,Function-based ADD_TAGS handling skipped FORBID_TAGS when the predicate returned true. Configurations combining those options could retain explicitly forbidden elements and their permitted attributes; the corresponding attribute-denylist path already had an earlier fix.,dompurify: 3.4.0,cure53/DOMPurify#1230
GHSA-88gm-j2wx-58h6,CVE-2026-41321,low,2.2,3.1,maintainer advisory,2026-04-20,2026-04-23,yes,withastro/astro,withastro/astro,withastro,reporter,,SSRF via redirect following in Cloudflare image-binding-transform endpoint (incomplete fix for GHSA-qpr4),https://github.com/withastro/astro/security/advisories/GHSA-88gm-j2wx-58h6,https://www.cve.org/CVERecord?id=CVE-2026-41321,SSRF,JavaScript,CWE-918,2026-09-06,The Cloudflare image-binding transform checked only the initial remote-image URL and followed redirects. An open redirect on an allowed domain could bypass image-domain restrictions and trigger blind requests to destinations outside that allowlist.,@astrojs/cloudflare: 13.1.10,
GHSA-73h3-mf4w-8647,CVE-2026-41140,low,0.6,4.0,GitHub global database,2026-04-18,2026-04-22,yes,python-poetry/poetry,python-poetry/poetry,python-poetry,reporter,radoering (remediation_reviewer),Path traversal in tar extraction on Python 3.10.0 - 3.10.12 and 3.11.0 - 3.11.4,https://github.com/python-poetry/poetry/security/advisories/GHSA-73h3-mf4w-8647,https://www.cve.org/CVERecord?id=CVE-2026-41140,Path traversal,Python,CWE-22,2026-09-06,"On Python versions lacking tarfile’s data filter, Poetry extracted source distributions without traversal protection. Crafted archive members could escape the extraction directory during dependency resolution; the advisory rates this low because package build backends already execute code.",poetry: 2.3.4,
GHSA-4jjr-vmv7-wh4w,CVE-2026-41175,high,8.1,3.1,maintainer advisory,2026-04-15,2026-04-16,yes,statamic/cms,statamic/cms,statamic,reporter,joshuaalwin (reporter),Unsafe method invocation via query value resolution allows data destruction,https://github.com/statamic/cms/security/advisories/GHSA-4jjr-vmv7-wh4w,https://www.cve.org/CVERecord?id=CVE-2026-41175,Unsafe method invocation,PHP,CWE-470,2026-09-06,Query values could resolve into destructive method calls. Minimal Control Panel permissions could enable data deletion; unauthenticated exposure required REST or GraphQL to be explicitly enabled without authentication and with the affected resources exposed.,"statamic/cms: 5.73.20, 6.13.0",
GHSA-gqw4-4w2p-838q,CVE-2026-40261,high,8.8,3.1,maintainer advisory,2026-04-14,2026-04-14,yes,composer/composer,composer/composer,composer,reporter,,Command injection via malicious Perforce source reference/url,https://github.com/composer/composer/security/advisories/GHSA-gqw4-4w2p-838q,https://www.cve.org/CVERecord?id=CVE-2026-40261,Command injection,PHP,CWE-20;CWE-78,2026-09-06,"Perforce package references and connection parameters entered shell commands without escaping. A repository supplying malicious Perforce source metadata could execute commands during source-preferred Composer installs, even when the Perforce client was not installed.",composer/composer: 2.9.6; composer/composer: 2.2.27,
GHSA-c5c4-8r6x-56w3,CVE-2026-40574,medium,6.8,3.1,maintainer advisory,2026-04-14,2026-04-15,yes,oauth2-proxy/oauth2-proxy,oauth2-proxy/oauth2-proxy,oauth2-proxy,reporter,,Authorization Bypass in Email Domain Validation via Malformed Multi-@ Email Claims,https://github.com/oauth2-proxy/oauth2-proxy/security/advisories/GHSA-c5c4-8r6x-56w3,https://www.cve.org/CVERecord?id=CVE-2026-40574,Authorization bypass,Go,CWE-20,2026-09-06,"Email-domain validation accepted malformed claims containing multiple at signs, allowing an unintended domain suffix to match the allowlist. Exploitation required an identity provider capable of emitting such malformed claims; providers enforcing email syntax were unaffected.",: > 7.15.1,
GHSA-4x48-cgf9-q33f,,high,0.0,4.0,GitHub global database,2026-04-13,2026-04-14,yes,novuhq/novu,novuhq/novu,novuhq,reporter,,SSRF via conditions filter webhook bypasses validateUrlSsrf() protection,https://github.com/novuhq/novu/security/advisories/GHSA-4x48-cgf9-q33f,,SSRF,JavaScript,CWE-918,2026-09-06,Conditions-filter webhooks bypassed the URL checks used by the HTTP Request step. A user with workflow-configuration access could issue server-side POST requests to internal endpoints and read responses through execution details.,@novu/api: >= 3.15.0; @novu/worker: >= 3.15.0,
GHSA-r2pg-r6h7-crf3,CVE-2026-34984,high,7.1,4.0,GitHub global database,2026-04-11,2026-04-13,yes,external-secrets/external-secrets,external-secrets/external-secrets,external-secrets,reporter,,DNS-based secret exfiltration via getHostByName in External Secrets v2 template engine,https://github.com/external-secrets/external-secrets/security/advisories/GHSA-r2pg-r6h7-crf3,https://www.cve.org/CVERecord?id=CVE-2026-34984,Data exfiltration,Go,,2026-09-06,"The template engine exposed getHostByName inside the controller process. A user able to author templated ExternalSecret resources could encode accessible secrets into DNS lookups; exploitation required outbound DNS from the controller, not direct egress from the attacker’s workload.",github.com/external-secrets/external-secrets: 2.3.0,
GHSA-r854-jrxh-36qx,CVE-2026-40194,low,0.0,4.0,GitHub global database,2026-04-10,2026-04-10,yes,phpseclib/phpseclib,phpseclib/phpseclib,phpseclib,reporter,,Variable-time HMAC comparison in SSH2::get_binary_packet() uses != instead of hash_equals(),https://github.com/phpseclib/phpseclib/security/advisories/GHSA-r854-jrxh-36qx,https://www.cve.org/CVERecord?id=CVE-2026-40194,Timing side-channel,PHP,CWE-208,2026-09-06,"SSH packet authentication compared HMACs with a variable-time operator instead of hash_equals. The timing difference is a defense-in-depth concern: authentication failure disconnects and rekeys the session, and the advisory does not establish a practical remote exploit.",phpseclib/phpseclib: 3.0.51; phpseclib/phpseclib: 2.0.53; phpseclib/phpseclib: 1.0.28,
GHSA-3crg-w4f6-42mx,CVE-2026-40260,medium,6.9,4.0,GitHub global database,2026-04-10,2026-04-10,yes,py-pdf/pypdf,py-pdf/pypdf,py-pdf,reporter,stefan6419846 (analyst),Manipulated XMP metadata entity declarations can exhaust RAM,https://github.com/py-pdf/pypdf/security/advisories/GHSA-3crg-w4f6-42mx,https://www.cve.org/CVERecord?id=CVE-2026-40260,Resource exhaustion,Python,CWE-776,2026-09-06,"PDF XMP parsing processed entity declarations without effective expansion limits. A crafted document could exhaust application memory, but merely opening a PDF was insufficient unless the consuming application also parsed its XMP metadata.",pypdf: >= 6.10.0,
GHSA-w95v-4h65-j455,CVE-2026-40107,high,8.7,4.0,GitHub global database,2026-04-09,2026-04-10,yes,siyuan-note/siyuan,siyuan-note/siyuan,siyuan-note,reporter,,Zero-Click NTLM Hash Theft and Blind SSRF via Mermaid Diagram Rendering,https://github.com/siyuan-note/siyuan/security/advisories/GHSA-w95v-4h65-j455,https://www.cve.org/CVERecord?id=CVE-2026-40107,SSRF,JavaScript,CWE-918,2026-09-06,"Mermaid rendering allowed embedded image URLs to survive sanitization. Opening a crafted note triggered requests; on Windows, a network-share URL could additionally expose the user’s NTLMv2 challenge-response hash through automatic authentication.",siyuan: v3.6.4,
GHSA-5f5r-95pg-xrpm,CVE-2026-40077,low,3.5,3.1,maintainer advisory,2026-04-09,2026-04-10,yes,henrygd/beszel,henrygd/beszel,henrygd,reporter,marduc812 (reporter);lakshayyverma (reporter),IDOR in hub API endpoints that read system ID from URL parameter,https://github.com/henrygd/beszel/security/advisories/GHSA-5f5r-95pg-xrpm,https://www.cve.org/CVERecord?id=CVE-2026-40077,IDOR,Go,CWE-184,2026-09-06,Several hub endpoints checked authentication but not membership of the requested system. Cross-system container access required both a valid 15-character system ID and 12-character container ID; other affected endpoints could disclose system information or trigger SMART refreshes., github.com/henrygd/beszel: >= 0.18.7,
GHSA-hfvc-g4fc-pqhx,CVE-2026-39883,high,7.3,4.0,GitHub global database,2026-04-08,2026-04-08,yes,open-telemetry/opentelemetry-go,open-telemetry/opentelemetry-go,open-telemetry,reporter,dmathieu (remediation_developer),Incomplete fix for GHSA-9h8m-3fm2-qjrq: BSD kenv command not using absolute path enables PATH hijacking,https://github.com/open-telemetry/opentelemetry-go/security/advisories/GHSA-hfvc-g4fc-pqhx,https://www.cve.org/CVERecord?id=CVE-2026-39883,Logic flaw,Go,CWE-426,2026-09-06,"Host-ID lookup invoked kenv by name instead of an absolute path. On affected BSD and Solaris paths, a local attacker controlling an earlier PATH directory could run a replacement executable inside the OpenTelemetry-using process.",go.opentelemetry.io/otel/sdk: 1.43.0,
GHSA-w6c6-c85g-mmv6,CVE-2026-39395,medium,4.3,3.1,maintainer advisory,2026-04-06,2026-04-08,yes,sigstore/cosign,sigstore/cosign,sigstore,reporter,,verify-blob-attestation reports false positive when payload parsing fails,https://github.com/sigstore/cosign/security/advisories/GHSA-w6c6-c85g-mmv6,https://www.cve.org/CVERecord?id=CVE-2026-39395,Verification bypass,Go,,2026-09-06,"Attestation verification mishandled predicate-type and payload-parsing failures across bundle formats. Without check-claims enabled, a valid signature over an unparsable payload or mismatched predicate type could still produce a successful verification result.","github.com/sigstore/cosign: v3.0.6, v2.6.3",
GHSA-qmwh-9m9c-h36m,,high,8.8,4.0,GitHub global database,2026-04-06,2026-04-07,yes,gotenberg/gotenberg,gotenberg/gotenberg,gotenberg,reporter,,Incomplete fix for ExifTool arbitrary file write: case-insensitive bypass and missing HardLink/SymLink tags,https://github.com/gotenberg/gotenberg/security/advisories/GHSA-qmwh-9m9c-h36m,,Policy subversion,Go,CWE-73;CWE-178,2026-09-06,"The ExifTool metadata filter was case-sensitive and omitted hard-link and symbolic-link tags. Callers of the metadata-write endpoint, unauthenticated by default, could write files or links outside intended paths, within the service’s filesystem permissions.",github.com/gotenberg/gotenberg/v8: 8.30.0,
GHSA-v9w4-gm2x-6rvf,CVE-2026-35604,high,8.2,4.0,GitHub global database,2026-04-04,2026-04-08,yes,filebrowser/filebrowser,filebrowser/filebrowser,filebrowser,reporter,,Share links remain accessible after Share/Download permissions are revoked,https://github.com/filebrowser/filebrowser/security/advisories/GHSA-v9w4-gm2x-6rvf,https://www.cve.org/CVERecord?id=CVE-2026-35604,Permission inheritance,Go,CWE-863,2026-09-06,"Public share access did not recheck the owner’s Share and Download permissions. Existing links remained downloadable after an administrator revoked those permissions, even though the same account could no longer create new shares.",github.com/filebrowser/filebrowser/v2: 2.63.1,filebrowser/filebrowser#5888
GHSA-7526-j432-6ppp,CVE-2026-35607,medium,0.0,4.0,GitHub global database,2026-04-04,2026-04-08,yes,filebrowser/filebrowser,filebrowser/filebrowser,filebrowser,reporter,,Proxy auth auto-provisioned users inherit Execute permission and Commands,https://github.com/filebrowser/filebrowser/security/advisories/GHSA-7526-j432-6ppp,https://www.cve.org/CVERecord?id=CVE-2026-35607,Permission inheritance,Go,CWE-269,2026-09-06,"Proxy-authenticated accounts inherited default Execute permissions and configured commands, unlike ordinary signup accounts. Exposure required proxy authentication with command execution enabled and permissive administrator-configured defaults; the earlier signup fix did not cover auto-provisioning.",github.com/filebrowser/filebrowser/v2: 2.63.1,filebrowser/filebrowser#5890
GHSA-67cg-cpj7-qgc9,CVE-2026-35606,medium,5.3,4.0,GitHub global database,2026-04-04,2026-04-08,yes,filebrowser/filebrowser,filebrowser/filebrowser,filebrowser,reporter,,Text file content disclosure via /api/resources endpoint bypassing Perm.Download check,https://github.com/filebrowser/filebrowser/security/advisories/GHSA-67cg-cpj7-qgc9,https://www.cve.org/CVERecord?id=CVE-2026-35606,Information disclosure,Go,CWE-862,2026-09-06,The resource endpoint returned text content and raw encoded bytes without checking Download permission. An authenticated user with downloads disabled could still read files within their authorized scope; directory and path authorization remained in effect.,github.com/filebrowser/filebrowser/v2: 2.63.1,filebrowser/filebrowser#5891
GHSA-5q48-q4fm-g3m6,CVE-2026-35605,medium,6.3,4.0,GitHub global database,2026-04-04,2026-04-08,yes,filebrowser/filebrowser,filebrowser/filebrowser,filebrowser,reporter,,Access rule bypass via HasPrefix without trailing separator in path matching,https://github.com/filebrowser/filebrowser/security/advisories/GHSA-5q48-q4fm-g3m6,https://www.cve.org/CVERecord?id=CVE-2026-35605,Access control bypass,Go,CWE-22,2026-09-06,Access-rule matching used a string prefix without enforcing a directory boundary. An allow rule for one directory could also admit a sibling whose name shared that prefix; deny rules could over-match for the same reason.,github.com/filebrowser/filebrowser/v2: 2.63.1,filebrowser/filebrowser#5889
GHSA-x3f4-v83f-7wp2,,high,8.6,4.0,GitHub global database,2026-04-03,2026-04-06,yes,authorizerdev/authorizer,authorizerdev/authorizer,authorizerdev,reporter,,Password reset token theft and full auth token redirect via unvalidated redirect_uri (6 endpoints),https://github.com/authorizerdev/authorizer/security/advisories/GHSA-x3f4-v83f-7wp2,,Missing authorization,Go,CWE-601,2026-09-06,"Several authentication endpoints attached tokens to caller-supplied redirect URLs without checking AllowedOrigins. An attacker could capture reset, magic-link, or authentication tokens after the victim followed an emailed link leading through the affected flow.",,
GHSA-p5rh-vmhp-gvcw,CVE-2026-34976,critical,0.0,4.0,GitHub global database,2026-04-02,2026-04-02,yes,dgraph-io/dgraph,dgraph-io/dgraph,dgraph-io,reporter,,Pre-Auth Database Overwrite + SSRF + File Read via restoreTenant Missing Authorization (CVSS 10.0),https://github.com/dgraph-io/dgraph/security/advisories/GHSA-p5rh-vmhp-gvcw,https://www.cve.org/CVERecord?id=CVE-2026-34976,SSRF,Go,CWE-862,2026-09-06,"The restoreTenant mutation lacked its authorization middleware entry. Unauthenticated callers reaching the admin GraphQL endpoint could overwrite a namespace from a supplied backup, probe local filesystem paths, or trigger requests through a controlled vault address.","github.com/dgraph-io/dgraph/v25: v25.3.1, v24.1.6",
GHSA-fgv4-6jr3-jgfw,CVE-2026-35043,critical,0.0,4.0,GitHub global database,2026-04-02,2026-04-03,yes,bentoml/BentoML,bentoml/BentoML,bentoml,reporter,,Incomplete fix for CVE-2026-33744: command injection in cloud deployment setup script (deployment.py:1648),https://github.com/bentoml/BentoML/security/advisories/GHSA-fgv4-6jr3-jgfw,https://www.cve.org/CVERecord?id=CVE-2026-35043,Command injection,Python,CWE-78,2026-09-06,Cloud deployment script generation inserted system_packages from bentofile.yaml into a shell command without quoting. An attacker-controlled package entry could execute commands during the BentoCloud build; an earlier local-path quoting fix missed this cloud-specific path.,bentoml: 1.4.38,
GHSA-7gvf-3w72-p2pg,CVE-2026-35459,high,9.3,4.0,GitHub global database,2026-04-02,2026-04-04,yes,pyload/pyload,pyload/pyload,pyload,reporter,,"SSRF fix bypass via HTTP redirect: CVE-2026-33992 filter validates only initial URL, pycurl follows redirects to internal hosts",https://github.com/pyload/pyload/security/advisories/GHSA-7gvf-3w72-p2pg,https://www.cve.org/CVERecord?id=CVE-2026-35459,SSRF,Python,CWE-918,2026-09-06,The downloader validated its initial destination but followed redirects without rechecking targets. An authenticated user with ADD permission could fetch internal services or reachable metadata endpoints; returned data was written into the download storage folder.,pyload-ng: pyload-ng 0.5.0b3.dev97,
GHSA-4744-96p5-mp2j,CVE-2026-35464,critical,0.0,4.0,GitHub global database,2026-04-02,2026-04-04,yes,pyload/pyload,pyload/pyload,pyload,reporter,,Incomplete fix for CVE-2026-33509: unprotected storage_folder enables arbitrary file write to Flask session store and code execution,https://github.com/pyload/pyload/security/advisories/GHSA-4744-96p5-mp2j,https://www.cve.org/CVERecord?id=CVE-2026-35464,Arbitrary file write,Python,CWE-502;CWE-863,2026-09-06,Non-admin users with SETTINGS and ADD permissions could point storage_folder at Flask’s session store and download a crafted serialized session. A subsequent request using that session cookie could execute code in the web process.,,
GHSA-x3ff-w252-2g7j,,medium,0.0,4.0,GitHub global database,2026-03-30,2026-04-01,yes,StableLib/stablelib,StableLib/stablelib,StableLib,reporter,,Ed25519 Signature Malleability via Missing S < L Check,https://github.com/StableLib/stablelib/security/advisories/GHSA-x3ff-w252-2g7j,,Signature malleability,JavaScript,CWE-347,2026-09-06,"Ed25519 verification did not enforce the scalar range required for a canonical signature. Anyone holding a valid signature could derive a second valid encoding without the signing key, affecting applications that rely on signature uniqueness.",,
GHSA-c9v3-4c59-x5q2,CVE-2026-34443,high,6.9,4.0,CVE CNA record,2026-03-30,,no,freescout-help-desk/freescout,freescout-help-desk/freescout,freescout-help-desk,reporter,,SSRF protection bypass via broken CIDR check in checkIpByMask(),https://github.com/freescout-help-desk/freescout/security/advisories/GHSA-c9v3-4c59-x5q2,https://www.cve.org/CVERecord?id=CVE-2026-34443,SSRF,PHP,CWE-918,2026-09-06,"The SSRF address check returned early for ordinary IP addresses, leaving configured CIDR blocks unenforced. An inbound email containing controlled attachment URLs could cause the server to request private-network destinations that the policy intended to block.",freescout-helpdesk/freescout: 1.8.211,
GHSA-6wc5-rhvj-cx7f,CVE-2026-34759,critical,9.2,4.0,CVE CNA record,2026-03-30,,no,OneUptime/oneuptime,OneUptime/oneuptime,OneUptime,reporter,,"Unauthenticated notification API endpoints: financial abuse via phone number purchase, service disruption, and SMTP credential exposure",https://github.com/OneUptime/oneuptime/security/advisories/GHSA-6wc5-rhvj-cx7f,https://www.cve.org/CVERecord?id=CVE-2026-34759,Missing authentication,JavaScript,CWE-862,2026-09-06,"Notification phone-number routes omitted service authorization and performed privileged operations. Using a project ID exposed by the status-page API, an unauthenticated caller could purchase Twilio numbers on the deployment’s account or release numbers used for alerts.",oneuptime: 10.0.40,
GHSA-frv4-x25r-588m,CVE-2026-34172,high,7.7,4.0,GitHub global database,2026-03-26,2026-03-27,yes,Giskard-AI/giskard-oss,Giskard-AI/giskard-oss,Giskard-AI,reporter,,Server-side template injection via ChatWorkflow.chat() using non-sandboxed Jinja2 Environment,https://github.com/Giskard-AI/giskard-oss/security/advisories/GHSA-frv4-x25r-588m,https://www.cve.org/CVERecord?id=CVE-2026-34172,Template injection,Python,CWE-1336,2026-09-06,ChatWorkflow.chat treated plain-string input as a Jinja2 template in an unsandboxed environment. Applications passing untrusted input directly to that method could expose command execution; values supplied through with_inputs did not take the vulnerable template-compilation path.,giskard-agents: 0.3.4; giskard-agents: 1.0.2b1,
GHSA-f359-r3pv-2phf,CVE-2026-33766,medium,5.3,4.0,GitHub global database,2026-03-24,2026-03-26,yes,WWBN/AVideo,WWBN/AVideo,WWBN,reporter,,SSRF Protection Bypass via HTTP Redirect in Image Download Endpoints,https://github.com/WWBN/AVideo/security/advisories/GHSA-f359-r3pv-2phf,https://www.cve.org/CVERecord?id=CVE-2026-33766,SSRF,JavaScript,CWE-918,2026-09-06,Image-download endpoints validated the starting URL but followed HTTP redirects without checking their destinations. A user with upload and edit permissions could redirect the server to internal services or reachable cloud metadata endpoints.,,
